Cash_Transaction_ID,Account_ID,Transaction_Date,Transaction_Type,Amount
CTX0001,ACC063,2020-02-29,Fee,16839.67
CTX0002,ACC052,2024-01-23,Withdrawal,42033.26
CTX0003,ACC017,2023-06-28,Dividend Credit,1396.97
CTX0004,ACC051,2023-04-27,Dividend Credit,33166.84
CTX0005,ACC011,2023-08-09,Fee,6828.19
CTX0006,ACC060,2021-01-07,Deposit,13044.81
CTX0007,ACC042,2021-03-09,Fee,16375.95
CTX0008,ACC049,2021-07-23,Fee,12650.96
CTX0009,ACC011,2022-08-21,Deposit,37463.76
CTX0010,ACC007,2021-12-17,Withdrawal,32524.7
CTX0011,ACC006,2024-03-24,Deposit,47483.11
CTX0012,ACC026,2024-09-14,Deposit,31085.72
CTX0013,ACC031,2020-09-15,Fee,33489.47
CTX0014,ACC073,2021-03-22,Fee,34988.28
CTX0015,ACC048,2020-12-09,Dividend Credit,30382.01
CTX0016,ACC015,2024-05-11,Withdrawal,48237.8
CTX0017,ACC014,2023-03-31,Deposit,46447.91
CTX0018,ACC074,2023-10-19,Fee,19862.89
CTX0019,ACC026,2020-06-04,Dividend Credit,34546.19
CTX0020,ACC032,2020-07-27,Interest,42522.15
CTX0021,ACC016,2024-06-18,Dividend Credit,39142.64
CTX0022,ACC045,2022-12-27,Fee,33092.99
CTX0023,ACC009,2022-11-02,Interest,681.97
CTX0024,ACC054,2024-08-11,Fee,5321.67
CTX0025,ACC047,2023-07-25,Fee,35380.07
CTX0026,ACC056,2020-12-26,Dividend Credit,48275.41
CTX0027,ACC035,2023-06-15,Dividend Credit,38743.34
CTX0028,ACC060,2022-06-11,Dividend Credit,13456.36
CTX0029,ACC032,2024-08-28,Deposit,13982.47
CTX0030,ACC058,2021-05-14,Fee,28513.99
CTX0031,ACC049,2021-11-19,Deposit,24740.61
CTX0032,ACC042,2021-01-07,Fee,10645.39
CTX0033,ACC034,2021-11-28,Interest,44021.98
CTX0034,ACC036,2023-02-12,Deposit,25855.53
CTX0035,ACC025,2020-06-24,Withdrawal,36017.73
CTX0036,ACC063,2023-02-11,Withdrawal,34545.94
CTX0037,ACC063,2022-07-06,Deposit,4698.01
CTX0038,ACC029,2022-04-08,Withdrawal,15344.99
CTX0039,ACC075,2022-01-25,Fee,27695.97
CTX0040,ACC045,2022-05-21,Dividend Credit,16573.03
CTX0041,ACC059,2021-07-08,Interest,12607.61
CTX0042,ACC016,2024-01-17,Withdrawal,15811.62
CTX0043,ACC069,2024-04-09,Withdrawal,9617.47
CTX0044,ACC062,2021-07-20,Dividend Credit,48831.52
CTX0045,ACC068,2023-05-07,Interest,49026.51
CTX0046,ACC025,2021-08-29,Withdrawal,18076.01
CTX0047,ACC039,2020-01-29,Dividend Credit,6372.82
CTX0048,ACC006,2020-04-21,Dividend Credit,14642.23
CTX0049,ACC017,2023-07-30,Fee,5174.25
CTX0050,ACC002,2023-03-21,Interest,23496.38
CTX0051,ACC057,2021-11-28,Withdrawal,48276.61
CTX0052,ACC033,2024-10-30,Fee,5748.65
CTX0053,ACC009,2022-03-31,Fee,3750.4
CTX0054,ACC007,2020-11-06,Withdrawal,40566.55
CTX0055,ACC039,2020-06-23,Withdrawal,5966.66
CTX0056,ACC054,2023-05-26,Dividend Credit,39547.5
CTX0057,ACC029,2024-05-07,Dividend Credit,19049.88
CTX0058,ACC057,2021-08-31,Dividend Credit,49502.06
CTX0059,ACC040,2023-03-10,Dividend Credit,3058.5
CTX0060,ACC013,2024-04-11,Withdrawal,31294.48
CTX0061,ACC034,2023-09-14,Deposit,7895.0
CTX0062,ACC023,2023-02-04,Deposit,7868.8
CTX0063,ACC053,2022-07-11,Dividend Credit,23522.13
CTX0064,ACC005,2021-04-19,Interest,35362.44
CTX0065,ACC059,2020-05-25,Withdrawal,46199.36
CTX0066,ACC026,2022-05-20,Deposit,27250.89
CTX0067,ACC020,2021-06-28,Withdrawal,3616.92
CTX0068,ACC022,2024-06-11,Interest,29772.45
CTX0069,ACC073,2021-08-14,Fee,6261.47
CTX0070,ACC039,2023-12-04,Fee,47136.68
CTX0071,ACC065,2023-01-10,Fee,21916.06
CTX0072,ACC006,2024-12-26,Fee,36739.97
CTX0073,ACC033,2020-02-22,Deposit,11484.77
CTX0074,ACC074,2023-04-17,Deposit,49978.64
CTX0075,ACC035,2023-03-26,Deposit,38167.29
CTX0076,ACC023,2022-08-21,Dividend Credit,32592.9
CTX0077,ACC036,2021-01-06,Dividend Credit,21822.46
CTX0078,ACC063,2020-07-05,Fee,17430.65
CTX0079,ACC043,2021-10-19,Deposit,42893.77
CTX0080,ACC043,2022-04-23,Fee,14446.48
CTX0081,ACC052,2024-07-24,Dividend Credit,1883.02
CTX0082,ACC012,2021-10-06,Interest,16197.53
CTX0083,ACC052,2024-11-06,Dividend Credit,41255.11
CTX0084,ACC001,2023-09-08,Dividend Credit,23125.72
CTX0085,ACC007,2021-01-19,Dividend Credit,18120.88
CTX0086,ACC064,2023-07-04,Fee,38011.53
CTX0087,ACC027,2021-06-30,Dividend Credit,6594.11
CTX0088,ACC037,2022-06-16,Fee,6115.23
CTX0089,ACC031,2023-12-24,Withdrawal,15571.97
CTX0090,ACC002,2023-02-05,Fee,4705.8
CTX0091,ACC015,2022-08-03,Deposit,32403.1
CTX0092,ACC020,2022-10-17,Interest,25468.16
CTX0093,ACC035,2022-04-30,Fee,49013.22
CTX0094,ACC032,2022-07-24,Dividend Credit,7274.87
CTX0095,ACC025,2023-05-12,Dividend Credit,37327.31
CTX0096,ACC018,2024-11-04,Deposit,13848.56
CTX0097,ACC054,2021-11-27,Dividend Credit,13395.27
CTX0098,ACC001,2021-08-02,Interest,41881.92
CTX0099,ACC075,2023-09-13,Fee,43269.77
CTX0100,ACC058,2023-01-08,Fee,17288.94
CTX0101,ACC071,2024-04-11,Dividend Credit,18891.64
CTX0102,ACC042,2024-11-15,Withdrawal,49039.69
CTX0103,ACC031,2023-03-17,Fee,11716.44
CTX0104,ACC053,2020-03-30,Interest,37248.02
CTX0105,ACC049,2022-03-01,Withdrawal,24791.67
CTX0106,ACC005,2020-09-15,Dividend Credit,48269.41
CTX0107,ACC043,2024-11-16,Deposit,43715.81
CTX0108,ACC057,2020-07-23,Dividend Credit,45526.56
CTX0109,ACC002,2024-01-19,Withdrawal,20528.43
CTX0110,ACC020,2020-06-02,Fee,39087.19
CTX0111,ACC034,2021-11-24,Dividend Credit,34650.59
CTX0112,ACC011,2024-10-10,Interest,42624.45
CTX0113,ACC069,2022-02-17,Interest,31358.62
CTX0114,ACC063,2024-11-21,Dividend Credit,1843.16
CTX0115,ACC009,2021-04-25,Interest,49871.42
CTX0116,ACC012,2022-06-07,Deposit,38030.47
CTX0117,ACC013,2022-06-27,Withdrawal,34715.36
CTX0118,ACC004,2020-04-04,Interest,39817.37
CTX0119,ACC038,2022-01-04,Interest,21562.81
CTX0120,ACC032,2022-12-23,Fee,28318.11
CTX0121,ACC024,2020-12-14,Withdrawal,3994.47
CTX0122,ACC049,2023-06-23,Withdrawal,24908.48
CTX0123,ACC075,2020-10-20,Withdrawal,23084.44
CTX0124,ACC033,2022-07-30,Interest,33358.69
CTX0125,ACC060,2021-08-12,Dividend Credit,7940.88
CTX0126,ACC057,2021-12-08,Dividend Credit,14992.75
CTX0127,ACC055,2023-11-14,Interest,22868.95
CTX0128,ACC039,2021-02-11,Fee,42674.11
CTX0129,ACC014,2021-04-30,Fee,28617.54
CTX0130,ACC074,2021-08-28,Interest,1145.88
CTX0131,ACC051,2021-07-16,Deposit,28318.15
CTX0132,ACC007,2023-05-26,Fee,41650.3
CTX0133,ACC037,2024-05-07,Withdrawal,30372.9
CTX0134,ACC046,2021-03-24,Withdrawal,31063.51
CTX0135,ACC018,2023-07-10,Deposit,45175.02
CTX0136,ACC006,2021-09-24,Fee,1716.56
CTX0137,ACC047,2024-02-08,Withdrawal,4552.16
CTX0138,ACC038,2021-10-31,Fee,8823.22
CTX0139,ACC017,2024-05-29,Dividend Credit,43829.21
CTX0140,ACC047,2022-12-23,Dividend Credit,45678.67
CTX0141,ACC022,2021-06-10,Fee,48370.83
CTX0142,ACC038,2024-03-08,Interest,40221.42
CTX0143,ACC060,2020-06-03,Withdrawal,37719.87
CTX0144,ACC029,2024-10-27,Fee,48365.12
CTX0145,ACC072,2022-01-19,Deposit,39544.56
CTX0146,ACC002,2021-06-25,Dividend Credit,6223.26
CTX0147,ACC048,2023-10-09,Interest,29248.78
CTX0148,ACC048,2020-08-09,Withdrawal,23600.27
CTX0149,ACC072,2021-11-02,Dividend Credit,11107.29
CTX0150,ACC009,2023-07-25,Fee,45473.91
CTX0151,ACC039,2023-08-22,Fee,5877.96
CTX0152,ACC006,2020-03-17,Interest,49796.57
CTX0153,ACC015,2020-07-18,Withdrawal,44368.6
CTX0154,ACC018,2022-03-06,Fee,18582.03
CTX0155,ACC070,2022-05-08,Dividend Credit,37126.34
CTX0156,ACC020,2024-12-18,Fee,32763.35
CTX0157,ACC063,2023-06-14,Fee,46955.7
CTX0158,ACC036,2020-03-08,Interest,10902.62
CTX0159,ACC057,2021-04-28,Interest,5012.76
CTX0160,ACC048,2023-01-20,Interest,3074.48
CTX0161,ACC036,2021-01-23,Deposit,47453.09
CTX0162,ACC059,2020-07-06,Withdrawal,32103.14
CTX0163,ACC003,2020-04-13,Interest,12216.27
CTX0164,ACC017,2024-05-30,Dividend Credit,10300.02
CTX0165,ACC071,2021-02-28,Dividend Credit,10836.77
CTX0166,ACC030,2021-11-03,Withdrawal,39442.76
CTX0167,ACC001,2021-07-21,Withdrawal,49376.99
CTX0168,ACC070,2021-05-28,Withdrawal,5540.82
CTX0169,ACC004,2020-09-26,Deposit,17944.2
CTX0170,ACC031,2023-04-20,Interest,838.27
CTX0171,ACC034,2020-04-17,Withdrawal,37098.82
CTX0172,ACC068,2020-08-20,Deposit,23838.49
CTX0173,ACC047,2022-11-17,Dividend Credit,5497.25
CTX0174,ACC065,2021-03-29,Dividend Credit,2216.08
CTX0175,ACC067,2021-09-09,Fee,32184.87
CTX0176,ACC004,2020-05-04,Fee,42372.56
CTX0177,ACC055,2023-11-06,Deposit,24538.93
CTX0178,ACC057,2020-05-30,Deposit,16139.49
CTX0179,ACC019,2020-05-14,Withdrawal,13787.05
CTX0180,ACC075,2023-01-28,Interest,19076.17
CTX0181,ACC068,2021-08-26,Fee,25302.28
CTX0182,ACC056,2020-07-22,Deposit,42647.0
CTX0183,ACC071,2024-01-16,Withdrawal,21531.99
CTX0184,ACC030,2022-04-27,Interest,41379.59
CTX0185,ACC052,2022-05-01,Deposit,15661.79
CTX0186,ACC041,2023-09-24,Interest,18746.34
CTX0187,ACC020,2023-11-07,Fee,3403.31
CTX0188,ACC011,2020-07-09,Fee,4873.39
CTX0189,ACC048,2024-07-20,Withdrawal,27840.72
CTX0190,ACC072,2023-02-24,Interest,33517.16
CTX0191,ACC053,2021-12-25,Fee,43411.2
CTX0192,ACC007,2021-08-12,Dividend Credit,15656.82
CTX0193,ACC014,2023-03-29,Dividend Credit,10676.3
CTX0194,ACC062,2021-04-04,Deposit,17538.19
CTX0195,ACC072,2022-01-22,Deposit,38142.15
CTX0196,ACC074,2021-04-08,Fee,42265.5
CTX0197,ACC072,2020-02-23,Dividend Credit,46457.76
CTX0198,ACC035,2020-02-29,Withdrawal,13699.86
CTX0199,ACC040,2021-11-26,Interest,354.98
CTX0200,ACC019,2023-03-05,Fee,3525.79
CTX0201,ACC004,2020-07-06,Dividend Credit,10795.89
CTX0202,ACC054,2022-07-18,Interest,7912.59
CTX0203,ACC040,2024-01-17,Interest,38852.94
CTX0204,ACC073,2023-05-06,Deposit,44172.94
CTX0205,ACC020,2020-11-18,Dividend Credit,2535.64
CTX0206,ACC011,2021-07-11,Fee,33113.84
CTX0207,ACC063,2023-05-28,Fee,20738.48
CTX0208,ACC028,2024-03-26,Dividend Credit,5735.18
CTX0209,ACC056,2020-08-15,Interest,33926.98
CTX0210,ACC063,2022-12-15,Interest,2318.6
CTX0211,ACC051,2023-05-12,Deposit,433.97
CTX0212,ACC039,2021-03-08,Withdrawal,38219.84
CTX0213,ACC038,2021-11-02,Deposit,436.11
CTX0214,ACC056,2020-12-25,Withdrawal,19041.36
CTX0215,ACC030,2022-10-21,Dividend Credit,41676.04
CTX0216,ACC046,2020-05-27,Fee,43095.13
CTX0217,ACC006,2022-06-12,Deposit,23014.72
CTX0218,ACC010,2024-10-31,Interest,28809.17
CTX0219,ACC074,2022-04-08,Fee,14511.28
CTX0220,ACC052,2020-02-12,Interest,8635.07
CTX0221,ACC059,2024-08-30,Interest,4452.09
CTX0222,ACC014,2021-05-13,Fee,29464.12
CTX0223,ACC068,2020-06-10,Fee,43532.69
CTX0224,ACC044,2021-03-29,Interest,38966.94
CTX0225,ACC010,2022-11-11,Deposit,26553.71
CTX0226,ACC025,2024-05-08,Interest,17587.43
CTX0227,ACC019,2021-04-28,Deposit,7364.89
CTX0228,ACC026,2020-12-21,Dividend Credit,7685.85
CTX0229,ACC010,2020-12-28,Fee,23224.46
CTX0230,ACC073,2024-04-05,Dividend Credit,22472.82
CTX0231,ACC073,2023-08-09,Dividend Credit,16194.25
CTX0232,ACC041,2020-11-05,Fee,3460.9
CTX0233,ACC057,2023-07-17,Interest,39826.67
CTX0234,ACC008,2021-12-21,Dividend Credit,3755.82
CTX0235,ACC060,2022-07-14,Deposit,2891.66
CTX0236,ACC037,2020-06-06,Deposit,30769.67
CTX0237,ACC065,2022-02-26,Fee,29037.45
CTX0238,ACC006,2022-07-10,Dividend Credit,32609.28
CTX0239,ACC042,2023-05-24,Fee,25093.3
CTX0240,ACC008,2022-07-11,Deposit,40557.79
CTX0241,ACC044,2024-01-02,Deposit,25252.22
CTX0242,ACC023,2020-03-21,Withdrawal,35395.7
CTX0243,ACC057,2022-12-09,Dividend Credit,30509.78
CTX0244,ACC047,2022-02-02,Interest,19401.46
CTX0245,ACC044,2023-10-22,Dividend Credit,2665.66
CTX0246,ACC043,2020-05-14,Interest,4770.57
CTX0247,ACC050,2021-08-04,Interest,36200.5
CTX0248,ACC020,2021-11-13,Deposit,29157.84
CTX0249,ACC019,2021-12-17,Interest,48386.44
CTX0250,ACC051,2020-09-21,Dividend Credit,35456.26
CTX0251,ACC011,2021-09-26,Dividend Credit,18865.13
CTX0252,ACC043,2024-07-23,Withdrawal,33522.31
CTX0253,ACC068,2020-07-10,Fee,25449.0
CTX0254,ACC003,2022-01-12,Interest,9054.13
CTX0255,ACC028,2021-11-30,Fee,9640.66
CTX0256,ACC018,2020-11-13,Deposit,14824.82
CTX0257,ACC013,2022-11-05,Dividend Credit,41764.24
CTX0258,ACC068,2020-03-18,Interest,43825.82
CTX0259,ACC017,2023-05-08,Fee,7754.93
CTX0260,ACC024,2024-08-29,Dividend Credit,40461.73
CTX0261,ACC022,2024-01-16,Fee,2232.44
CTX0262,ACC047,2023-10-17,Withdrawal,48480.95
CTX0263,ACC037,2024-03-20,Fee,11738.45
CTX0264,ACC031,2021-09-25,Fee,45203.52
CTX0265,ACC025,2022-01-23,Dividend Credit,49222.77
CTX0266,ACC060,2024-04-24,Interest,38917.3
CTX0267,ACC065,2022-12-16,Fee,48315.09
CTX0268,ACC026,2024-06-28,Dividend Credit,6963.01
CTX0269,ACC033,2020-04-16,Fee,43712.14
CTX0270,ACC071,2020-07-29,Dividend Credit,42565.74
CTX0271,ACC037,2020-06-20,Withdrawal,13675.93
CTX0272,ACC066,2020-10-28,Fee,4631.09
CTX0273,ACC029,2024-07-30,Fee,44237.26
CTX0274,ACC004,2022-04-29,Deposit,19852.88
CTX0275,ACC048,2021-04-27,Fee,49726.54
CTX0276,ACC048,2021-04-04,Deposit,15968.31
CTX0277,ACC013,2024-09-14,Interest,39579.46
CTX0278,ACC018,2020-03-19,Interest,45873.94
CTX0279,ACC061,2023-11-26,Withdrawal,37954.12
CTX0280,ACC061,2022-07-07,Dividend Credit,312.3
CTX0281,ACC011,2020-02-08,Interest,10821.95
CTX0282,ACC020,2023-01-28,Dividend Credit,26412.19
CTX0283,ACC015,2024-05-08,Interest,11920.13
CTX0284,ACC016,2020-04-07,Withdrawal,21020.29
CTX0285,ACC059,2020-05-08,Deposit,41842.55
CTX0286,ACC064,2023-05-07,Dividend Credit,870.95
CTX0287,ACC066,2023-03-23,Withdrawal,35941.29
CTX0288,ACC038,2022-05-29,Deposit,30759.74
CTX0289,ACC031,2023-03-14,Fee,9406.33
CTX0290,ACC011,2022-12-08,Interest,3430.58
CTX0291,ACC068,2023-01-19,Dividend Credit,39331.3
CTX0292,ACC065,2023-02-08,Deposit,19553.16
CTX0293,ACC061,2020-03-30,Fee,49052.92
CTX0294,ACC033,2024-03-10,Deposit,17886.84
CTX0295,ACC009,2021-12-07,Withdrawal,36660.4
CTX0296,ACC014,2024-04-29,Dividend Credit,36772.59
CTX0297,ACC043,2020-09-30,Deposit,17647.34
CTX0298,ACC044,2024-07-24,Withdrawal,41527.66
CTX0299,ACC060,2023-11-25,Fee,31605.21
CTX0300,ACC018,2020-05-09,Fee,1897.34
CTX0301,ACC026,2020-03-30,Withdrawal,44295.23
CTX0302,ACC041,2021-09-27,Dividend Credit,19941.29
CTX0303,ACC070,2022-08-27,Interest,1879.21
CTX0304,ACC025,2021-08-08,Interest,43113.82
CTX0305,ACC007,2024-11-08,Interest,13697.17
CTX0306,ACC048,2022-06-13,Fee,37178.22
CTX0307,ACC050,2021-11-25,Withdrawal,24835.35
CTX0308,ACC064,2022-01-22,Dividend Credit,13372.7
CTX0309,ACC011,2024-01-29,Fee,3992.4
CTX0310,ACC024,2023-01-22,Interest,16094.51
CTX0311,ACC011,2021-11-02,Interest,15359.47
CTX0312,ACC055,2020-12-07,Fee,17609.77
CTX0313,ACC006,2024-01-28,Interest,30761.83
CTX0314,ACC056,2021-07-16,Deposit,3798.31
CTX0315,ACC052,2022-01-14,Dividend Credit,40064.74
CTX0316,ACC021,2020-03-04,Withdrawal,42441.03
CTX0317,ACC057,2020-03-12,Withdrawal,3408.31
CTX0318,ACC047,2022-01-11,Fee,47475.88
CTX0319,ACC005,2023-05-24,Withdrawal,33969.15
CTX0320,ACC048,2022-01-31,Fee,38166.07
CTX0321,ACC074,2020-10-08,Dividend Credit,18379.15
CTX0322,ACC041,2023-08-23,Interest,12518.1
CTX0323,ACC015,2020-02-23,Withdrawal,24977.25
CTX0324,ACC050,2023-02-24,Deposit,13125.74
CTX0325,ACC034,2023-12-12,Fee,10767.79
CTX0326,ACC037,2023-11-22,Fee,10048.91
CTX0327,ACC018,2024-10-12,Deposit,22629.53
CTX0328,ACC057,2020-06-28,Interest,33408.6
CTX0329,ACC009,2023-01-31,Dividend Credit,14553.6
CTX0330,ACC039,2024-10-09,Withdrawal,35604.86
CTX0331,ACC023,2024-06-13,Interest,25462.35
CTX0332,ACC016,2021-02-15,Withdrawal,11874.97
CTX0333,ACC064,2020-02-23,Interest,27723.37
CTX0334,ACC048,2022-08-15,Dividend Credit,6532.07
CTX0335,ACC012,2020-05-14,Interest,19938.09
CTX0336,ACC062,2022-12-12,Fee,38469.77
CTX0337,ACC074,2020-05-31,Withdrawal,48620.37
CTX0338,ACC010,2022-07-10,Fee,34021.44
CTX0339,ACC045,2020-09-19,Dividend Credit,32007.71
CTX0340,ACC024,2024-04-21,Withdrawal,21659.28
CTX0341,ACC008,2024-08-29,Deposit,25929.2
CTX0342,ACC039,2020-12-03,Withdrawal,16166.9
CTX0343,ACC029,2021-12-09,Dividend Credit,44751.55
CTX0344,ACC011,2021-05-28,Withdrawal,31771.1
CTX0345,ACC071,2021-07-16,Withdrawal,31269.87
CTX0346,ACC069,2020-07-10,Dividend Credit,32067.32
CTX0347,ACC075,2020-11-11,Withdrawal,32953.71
CTX0348,ACC044,2024-09-21,Dividend Credit,2107.66
CTX0349,ACC004,2020-06-15,Deposit,47429.92
CTX0350,ACC074,2021-06-26,Withdrawal,38359.6
CTX0351,ACC054,2023-06-19,Deposit,24927.0
CTX0352,ACC070,2021-08-16,Interest,24173.09
CTX0353,ACC052,2021-09-01,Fee,3695.0
CTX0354,ACC008,2020-11-19,Fee,20810.31
CTX0355,ACC060,2021-02-21,Interest,30352.68
CTX0356,ACC041,2024-10-30,Interest,36723.28
CTX0357,ACC045,2022-03-27,Withdrawal,38045.22
CTX0358,ACC066,2023-02-24,Deposit,15989.84
CTX0359,ACC060,2020-09-07,Interest,22507.32
CTX0360,ACC019,2020-07-17,Deposit,14546.09
CTX0361,ACC050,2024-11-04,Dividend Credit,20935.83
CTX0362,ACC021,2024-07-24,Interest,46690.89
CTX0363,ACC041,2021-01-23,Withdrawal,24938.36
CTX0364,ACC066,2022-08-14,Fee,43959.83
CTX0365,ACC064,2020-02-17,Deposit,47264.38
CTX0366,ACC065,2022-07-25,Withdrawal,10796.46
CTX0367,ACC046,2020-04-09,Deposit,14103.75
CTX0368,ACC061,2021-08-08,Dividend Credit,458.46
CTX0369,ACC014,2022-06-01,Withdrawal,44128.66
CTX0370,ACC047,2024-04-13,Fee,18328.57
CTX0371,ACC052,2020-04-14,Dividend Credit,28112.75
CTX0372,ACC047,2023-02-07,Interest,3722.91
CTX0373,ACC065,2022-07-11,Dividend Credit,14022.05
CTX0374,ACC016,2020-09-20,Deposit,19725.49
CTX0375,ACC044,2023-02-16,Interest,37760.51
CTX0376,ACC026,2023-05-18,Dividend Credit,20099.28
CTX0377,ACC006,2020-04-02,Deposit,6894.97
CTX0378,ACC043,2024-07-04,Fee,25990.67
CTX0379,ACC020,2023-05-26,Dividend Credit,7032.06
CTX0380,ACC041,2020-11-28,Fee,49531.26
CTX0381,ACC039,2023-04-30,Interest,25390.38
CTX0382,ACC066,2022-12-26,Fee,35451.55
CTX0383,ACC039,2022-08-30,Deposit,18449.47
CTX0384,ACC015,2022-05-03,Dividend Credit,15418.51
CTX0385,ACC004,2023-05-07,Fee,13313.25
CTX0386,ACC075,2023-03-28,Withdrawal,36083.94
CTX0387,ACC075,2022-09-10,Withdrawal,26235.41
CTX0388,ACC049,2020-10-29,Withdrawal,1626.95
CTX0389,ACC015,2021-01-25,Deposit,22079.88
CTX0390,ACC054,2020-11-06,Fee,34540.49
CTX0391,ACC053,2022-10-24,Dividend Credit,46030.02
CTX0392,ACC008,2023-12-16,Withdrawal,25958.23
CTX0393,ACC072,2021-10-27,Fee,26297.58
CTX0394,ACC041,2020-12-20,Fee,45610.6
CTX0395,ACC044,2023-01-23,Interest,33809.64
CTX0396,ACC034,2023-06-03,Fee,9653.6
CTX0397,ACC032,2021-07-25,Dividend Credit,14960.03
CTX0398,ACC039,2024-04-28,Interest,35259.8
CTX0399,ACC063,2021-10-11,Fee,17472.72
CTX0400,ACC036,2021-08-12,Deposit,28695.17
CTX0401,ACC070,2022-02-16,Fee,40927.95
CTX0402,ACC019,2021-08-17,Deposit,14417.14
CTX0403,ACC011,2021-12-10,Fee,32815.8
CTX0404,ACC062,2021-03-14,Withdrawal,41406.19
CTX0405,ACC035,2023-02-25,Interest,6906.78
CTX0406,ACC031,2021-05-11,Deposit,33508.21
CTX0407,ACC068,2021-04-07,Withdrawal,2671.93
CTX0408,ACC053,2021-11-07,Fee,5072.22
CTX0409,ACC018,2020-01-11,Dividend Credit,48896.64
CTX0410,ACC021,2022-04-13,Fee,23898.55
CTX0411,ACC026,2024-03-28,Interest,16092.33
CTX0412,ACC008,2024-04-23,Deposit,32632.32
CTX0413,ACC030,2022-12-31,Deposit,45665.82
CTX0414,ACC023,2022-05-05,Withdrawal,46699.43
CTX0415,ACC005,2024-09-08,Fee,39408.63
CTX0416,ACC024,2024-03-13,Interest,43843.32
CTX0417,ACC002,2021-09-03,Dividend Credit,30159.01
CTX0418,ACC043,2021-08-05,Fee,49455.52
CTX0419,ACC070,2022-12-09,Fee,44468.54
CTX0420,ACC018,2024-10-08,Dividend Credit,23427.64
CTX0421,ACC025,2024-07-14,Deposit,16567.67
CTX0422,ACC059,2023-08-20,Interest,35943.98
CTX0423,ACC002,2024-02-17,Interest,39548.84
CTX0424,ACC073,2023-10-13,Withdrawal,8815.97
CTX0425,ACC052,2024-08-20,Fee,25788.27
CTX0426,ACC012,2022-03-31,Deposit,9279.82
CTX0427,ACC018,2022-09-04,Interest,46794.48
CTX0428,ACC001,2021-06-18,Fee,11814.29
CTX0429,ACC035,2021-11-06,Interest,29143.91
CTX0430,ACC074,2020-01-24,Interest,32701.48
CTX0431,ACC031,2020-05-07,Deposit,23296.48
CTX0432,ACC021,2022-04-10,Dividend Credit,46159.15
CTX0433,ACC040,2023-11-14,Deposit,31953.63
CTX0434,ACC038,2022-01-22,Dividend Credit,11081.42
CTX0435,ACC018,2022-09-06,Withdrawal,22776.18
CTX0436,ACC048,2022-05-01,Dividend Credit,45644.2
CTX0437,ACC069,2024-06-30,Withdrawal,38104.89
CTX0438,ACC011,2022-12-12,Fee,26432.25
CTX0439,ACC047,2020-06-08,Dividend Credit,5654.83
CTX0440,ACC071,2022-11-01,Withdrawal,28656.45
CTX0441,ACC020,2020-12-02,Interest,42731.58
CTX0442,ACC057,2020-08-26,Withdrawal,35860.05
CTX0443,ACC063,2020-07-05,Dividend Credit,22301.86
CTX0444,ACC008,2022-07-17,Withdrawal,25686.73
CTX0445,ACC059,2023-02-28,Deposit,27961.92
CTX0446,ACC040,2024-01-21,Deposit,19827.64
CTX0447,ACC001,2024-03-07,Withdrawal,28936.65
CTX0448,ACC006,2022-05-17,Interest,35034.22
CTX0449,ACC070,2020-05-03,Deposit,49307.56
CTX0450,ACC061,2020-03-05,Interest,20472.9
CTX0451,ACC018,2024-04-17,Fee,18754.32
CTX0452,ACC049,2022-07-07,Fee,18813.49
CTX0453,ACC070,2020-09-29,Interest,5975.73
CTX0454,ACC069,2022-03-15,Dividend Credit,6410.99
CTX0455,ACC029,2024-09-05,Deposit,37821.16
CTX0456,ACC039,2022-08-06,Dividend Credit,21235.2
CTX0457,ACC049,2024-08-13,Withdrawal,12413.23
CTX0458,ACC045,2020-11-13,Interest,9464.6
CTX0459,ACC015,2020-03-06,Fee,30765.41
CTX0460,ACC003,2021-05-07,Withdrawal,3411.18
CTX0461,ACC005,2022-07-03,Dividend Credit,33617.58
CTX0462,ACC007,2021-05-16,Deposit,20143.15
CTX0463,ACC030,2023-01-10,Withdrawal,37731.57
CTX0464,ACC008,2020-10-13,Dividend Credit,49674.5
CTX0465,ACC030,2024-07-28,Dividend Credit,15979.24
CTX0466,ACC042,2021-04-30,Interest,43819.1
CTX0467,ACC067,2021-03-28,Fee,15060.02
CTX0468,ACC008,2023-02-14,Dividend Credit,43991.71
CTX0469,ACC023,2023-07-06,Fee,27814.74
CTX0470,ACC007,2021-12-06,Fee,39300.94
CTX0471,ACC041,2023-11-27,Fee,20442.55
CTX0472,ACC039,2022-02-09,Withdrawal,37733.08
CTX0473,ACC061,2021-05-08,Withdrawal,15071.78
CTX0474,ACC019,2024-07-08,Fee,45741.32
CTX0475,ACC072,2022-04-25,Fee,27886.47
CTX0476,ACC018,2022-03-06,Withdrawal,12787.03
CTX0477,ACC043,2023-08-17,Deposit,46115.19
CTX0478,ACC048,2020-07-08,Dividend Credit,36243.01
CTX0479,ACC025,2020-04-15,Interest,18889.54
CTX0480,ACC006,2024-11-24,Deposit,9448.76
CTX0481,ACC072,2021-03-20,Fee,10484.01
CTX0482,ACC043,2021-09-12,Deposit,10629.8
CTX0483,ACC025,2024-02-27,Deposit,37356.62
CTX0484,ACC062,2021-05-11,Dividend Credit,35203.24
CTX0485,ACC051,2021-05-05,Dividend Credit,16114.67
CTX0486,ACC037,2022-02-18,Fee,26705.82
CTX0487,ACC046,2021-09-23,Interest,18014.25
CTX0488,ACC064,2022-08-12,Deposit,40150.69
CTX0489,ACC061,2024-04-08,Interest,45720.81
CTX0490,ACC048,2021-10-02,Fee,2333.49
CTX0491,ACC029,2024-02-27,Withdrawal,860.18
CTX0492,ACC071,2023-04-11,Dividend Credit,36014.6
CTX0493,ACC038,2020-11-08,Withdrawal,16526.77
CTX0494,ACC049,2023-03-12,Withdrawal,24990.11
CTX0495,ACC044,2021-06-11,Fee,48327.09
CTX0496,ACC063,2022-08-01,Withdrawal,36651.97
CTX0497,ACC046,2020-12-12,Withdrawal,36029.66
CTX0498,ACC063,2021-01-11,Dividend Credit,49516.66
CTX0499,ACC008,2022-12-09,Deposit,41961.47
CTX0500,ACC010,2024-08-02,Deposit,38228.73
CTX0501,ACC053,2020-10-08,Withdrawal,3445.0
CTX0502,ACC020,2020-01-19,Withdrawal,25311.36
CTX0503,ACC048,2020-05-03,Dividend Credit,31904.54
CTX0504,ACC062,2023-09-12,Fee,835.8
CTX0505,ACC069,2023-02-03,Fee,641.96
CTX0506,ACC068,2024-01-19,Interest,26810.12
CTX0507,ACC037,2020-02-05,Dividend Credit,40667.2
CTX0508,ACC056,2024-07-09,Withdrawal,5395.47
CTX0509,ACC013,2022-12-09,Withdrawal,12086.39
CTX0510,ACC068,2021-05-31,Interest,13402.87
CTX0511,ACC051,2020-06-10,Interest,47966.92
CTX0512,ACC059,2023-03-03,Withdrawal,49512.14
CTX0513,ACC029,2021-09-06,Deposit,32704.1
CTX0514,ACC005,2020-07-10,Fee,18994.24
CTX0515,ACC071,2022-09-01,Deposit,31855.57
CTX0516,ACC022,2020-06-18,Fee,42274.22
CTX0517,ACC043,2023-03-04,Deposit,44744.82
CTX0518,ACC006,2021-04-15,Withdrawal,45068.58
CTX0519,ACC073,2022-08-31,Interest,2375.77
CTX0520,ACC010,2023-11-02,Interest,44970.62
CTX0521,ACC073,2023-09-09,Deposit,9008.76
CTX0522,ACC041,2020-02-02,Withdrawal,29372.45
CTX0523,ACC051,2020-06-06,Interest,8164.39
CTX0524,ACC031,2023-03-06,Fee,33867.9
CTX0525,ACC070,2021-11-10,Fee,37792.68
CTX0526,ACC018,2024-06-06,Deposit,25064.6
CTX0527,ACC045,2020-04-19,Deposit,21882.56
CTX0528,ACC010,2021-11-28,Dividend Credit,38461.83
CTX0529,ACC051,2024-05-03,Interest,1529.8
CTX0530,ACC035,2024-05-23,Fee,24555.64
CTX0531,ACC046,2023-02-06,Fee,21620.8
CTX0532,ACC075,2023-09-15,Fee,4330.42
CTX0533,ACC038,2024-06-22,Withdrawal,35669.77
CTX0534,ACC011,2021-07-02,Withdrawal,19031.0
CTX0535,ACC020,2024-02-23,Fee,15868.08
CTX0536,ACC014,2020-07-06,Deposit,47150.86
CTX0537,ACC057,2022-01-07,Interest,5156.46
CTX0538,ACC012,2021-01-18,Fee,22469.74
CTX0539,ACC072,2022-11-15,Fee,5209.48
CTX0540,ACC012,2021-12-25,Dividend Credit,4698.56
CTX0541,ACC042,2024-11-03,Fee,666.41
CTX0542,ACC053,2022-03-05,Deposit,36255.95
CTX0543,ACC072,2021-05-12,Dividend Credit,26079.17
CTX0544,ACC049,2020-12-13,Withdrawal,13482.5
CTX0545,ACC035,2022-10-06,Withdrawal,3210.19
CTX0546,ACC056,2021-07-19,Fee,15022.63
CTX0547,ACC010,2022-01-09,Interest,47213.9
CTX0548,ACC064,2023-05-01,Dividend Credit,9817.63
CTX0549,ACC014,2020-10-04,Interest,388.03
CTX0550,ACC051,2021-11-11,Dividend Credit,19025.5
CTX0551,ACC043,2022-06-20,Interest,21559.28
CTX0552,ACC018,2021-09-07,Interest,30180.4
CTX0553,ACC026,2022-09-08,Interest,8922.98
CTX0554,ACC051,2021-10-15,Interest,36756.97
CTX0555,ACC063,2023-03-25,Withdrawal,16328.02
CTX0556,ACC036,2024-07-30,Fee,18282.53
CTX0557,ACC073,2021-02-13,Dividend Credit,49863.38
CTX0558,ACC024,2023-10-28,Dividend Credit,1394.46
CTX0559,ACC060,2023-12-21,Withdrawal,21950.82
CTX0560,ACC038,2024-08-29,Deposit,40957.33
CTX0561,ACC053,2023-10-10,Fee,7002.0
CTX0562,ACC039,2021-05-10,Interest,32950.22
CTX0563,ACC055,2024-06-04,Fee,3744.56
CTX0564,ACC062,2023-04-07,Fee,26741.65
CTX0565,ACC054,2023-01-18,Deposit,39546.51
CTX0566,ACC047,2023-12-07,Dividend Credit,29711.31
CTX0567,ACC011,2020-08-11,Withdrawal,32897.2
CTX0568,ACC046,2020-12-06,Dividend Credit,2262.62
CTX0569,ACC052,2024-03-21,Interest,48287.55
CTX0570,ACC056,2020-08-04,Deposit,4975.4
CTX0571,ACC029,2022-11-11,Dividend Credit,27921.77
CTX0572,ACC074,2021-03-28,Fee,18737.27
CTX0573,ACC060,2024-04-30,Dividend Credit,34537.34
CTX0574,ACC020,2021-12-07,Deposit,24164.42
CTX0575,ACC038,2022-05-01,Deposit,5847.66
CTX0576,ACC019,2021-12-14,Interest,17186.18
CTX0577,ACC027,2022-12-03,Fee,17447.6
CTX0578,ACC013,2022-06-16,Fee,15979.53
CTX0579,ACC039,2020-04-01,Deposit,1178.13
CTX0580,ACC044,2023-08-20,Deposit,33873.11
CTX0581,ACC022,2024-02-25,Withdrawal,25823.9
CTX0582,ACC071,2020-11-23,Interest,28014.46
CTX0583,ACC060,2021-04-19,Fee,31506.53
CTX0584,ACC024,2023-08-04,Fee,19809.34
CTX0585,ACC026,2022-07-09,Dividend Credit,21506.16
CTX0586,ACC001,2023-12-14,Withdrawal,10328.93
CTX0587,ACC009,2023-03-28,Deposit,39985.14
CTX0588,ACC069,2021-01-17,Interest,16332.95
CTX0589,ACC059,2020-08-21,Interest,33551.54
CTX0590,ACC063,2022-12-16,Interest,29868.69
CTX0591,ACC051,2023-04-17,Deposit,17428.84
CTX0592,ACC059,2023-06-18,Withdrawal,40696.23
CTX0593,ACC039,2023-06-12,Dividend Credit,4283.36
CTX0594,ACC018,2021-10-03,Deposit,11966.71
CTX0595,ACC015,2021-01-09,Interest,34687.16
CTX0596,ACC066,2022-03-06,Fee,29841.47
CTX0597,ACC074,2022-02-24,Fee,9328.4
CTX0598,ACC069,2023-11-21,Withdrawal,27767.88
CTX0599,ACC063,2021-08-14,Withdrawal,9395.57
CTX0600,ACC058,2023-06-22,Deposit,43282.84
CTX0601,ACC002,2022-09-19,Withdrawal,9796.67
CTX0602,ACC050,2023-02-24,Dividend Credit,32670.83
CTX0603,ACC053,2023-11-03,Fee,20810.74
CTX0604,ACC057,2022-09-27,Withdrawal,4179.4
CTX0605,ACC004,2024-06-17,Withdrawal,14639.89
CTX0606,ACC036,2021-04-05,Dividend Credit,14469.08
CTX0607,ACC059,2023-03-04,Fee,27508.82
CTX0608,ACC015,2023-03-18,Deposit,13431.05
CTX0609,ACC070,2024-08-13,Interest,27125.07
CTX0610,ACC006,2024-04-05,Fee,27340.35
CTX0611,ACC055,2020-07-28,Withdrawal,14920.56
CTX0612,ACC005,2022-07-10,Interest,17461.42
CTX0613,ACC012,2022-06-18,Deposit,38792.8
CTX0614,ACC031,2021-03-05,Dividend Credit,34472.22
CTX0615,ACC055,2020-12-05,Dividend Credit,7004.79
CTX0616,ACC027,2024-07-24,Withdrawal,40281.75
CTX0617,ACC073,2021-12-19,Dividend Credit,14090.2
CTX0618,ACC069,2020-12-10,Interest,48951.06
CTX0619,ACC038,2021-08-15,Dividend Credit,13403.79
CTX0620,ACC066,2023-10-23,Deposit,6822.67
CTX0621,ACC053,2020-05-01,Interest,43359.03
CTX0622,ACC017,2023-12-07,Withdrawal,12521.38
CTX0623,ACC042,2024-08-23,Withdrawal,38085.61
CTX0624,ACC051,2022-09-29,Withdrawal,28892.41
CTX0625,ACC035,2023-07-09,Fee,18789.86
CTX0626,ACC010,2023-07-21,Deposit,20172.4
CTX0627,ACC036,2023-11-23,Interest,22762.05
CTX0628,ACC063,2021-11-01,Dividend Credit,173.53
CTX0629,ACC012,2024-02-05,Fee,31760.29
CTX0630,ACC046,2024-10-07,Deposit,39794.11
CTX0631,ACC051,2021-03-22,Fee,41251.14
CTX0632,ACC064,2021-07-03,Interest,41425.76
CTX0633,ACC044,2023-01-25,Dividend Credit,6573.18
CTX0634,ACC063,2024-06-02,Interest,44713.03
CTX0635,ACC007,2020-04-04,Deposit,31327.67
CTX0636,ACC059,2020-02-03,Deposit,46475.17
CTX0637,ACC021,2022-06-22,Fee,83.76
CTX0638,ACC055,2021-02-18,Withdrawal,44113.28
CTX0639,ACC039,2020-11-21,Interest,4712.33
CTX0640,ACC047,2021-05-27,Deposit,18623.6
CTX0641,ACC022,2020-04-16,Fee,31298.93
CTX0642,ACC030,2022-05-29,Deposit,35199.72
CTX0643,ACC001,2021-03-13,Fee,3943.04
CTX0644,ACC029,2022-11-29,Fee,513.88
CTX0645,ACC044,2024-07-31,Deposit,49408.34
CTX0646,ACC055,2023-11-22,Withdrawal,23911.13
CTX0647,ACC030,2022-02-23,Deposit,36551.63
CTX0648,ACC014,2020-07-30,Interest,18409.71
CTX0649,ACC039,2020-10-07,Fee,38684.35
CTX0650,ACC018,2023-08-06,Withdrawal,3467.16
CTX0651,ACC073,2020-01-18,Dividend Credit,32518.51
CTX0652,ACC057,2021-12-20,Withdrawal,31422.6
CTX0653,ACC020,2022-04-23,Dividend Credit,34343.98
CTX0654,ACC028,2020-06-26,Deposit,7043.66
CTX0655,ACC016,2023-04-22,Fee,17609.21
CTX0656,ACC055,2021-10-06,Withdrawal,12426.93
CTX0657,ACC011,2021-05-23,Dividend Credit,30069.9
CTX0658,ACC037,2024-05-14,Deposit,42402.21
CTX0659,ACC039,2021-02-24,Dividend Credit,30366.0
CTX0660,ACC025,2024-03-11,Fee,14812.33
CTX0661,ACC007,2024-05-24,Withdrawal,24769.64
CTX0662,ACC015,2021-05-08,Fee,31922.21
CTX0663,ACC010,2022-12-17,Deposit,49344.78
CTX0664,ACC041,2020-09-27,Fee,43047.66
CTX0665,ACC073,2022-05-11,Interest,27340.49
CTX0666,ACC023,2024-04-11,Fee,47724.93
CTX0667,ACC010,2020-02-04,Dividend Credit,3423.25
CTX0668,ACC034,2021-03-17,Deposit,46132.84
CTX0669,ACC051,2022-11-03,Interest,31447.11
CTX0670,ACC065,2024-04-20,Fee,21207.58
CTX0671,ACC052,2020-06-17,Dividend Credit,26905.89
CTX0672,ACC020,2021-07-22,Deposit,15529.85
CTX0673,ACC066,2021-02-20,Withdrawal,26842.69
CTX0674,ACC051,2023-04-16,Deposit,15542.97
CTX0675,ACC056,2024-02-03,Withdrawal,2942.4
CTX0676,ACC012,2022-06-08,Deposit,22695.92
CTX0677,ACC008,2021-09-25,Withdrawal,6016.18
CTX0678,ACC018,2023-12-07,Deposit,8233.44
CTX0679,ACC045,2022-12-07,Dividend Credit,39160.21
CTX0680,ACC034,2020-12-07,Interest,6390.18
CTX0681,ACC035,2024-02-10,Deposit,38582.94
CTX0682,ACC004,2021-11-17,Fee,13635.43
CTX0683,ACC009,2021-06-22,Dividend Credit,31395.27
CTX0684,ACC064,2022-07-21,Dividend Credit,18038.19
CTX0685,ACC064,2024-10-25,Dividend Credit,8385.73
CTX0686,ACC021,2021-06-06,Deposit,44718.71
CTX0687,ACC015,2021-04-12,Dividend Credit,178.3
CTX0688,ACC002,2021-05-15,Deposit,23614.64
CTX0689,ACC050,2020-11-03,Withdrawal,46561.45
CTX0690,ACC005,2023-02-06,Fee,11264.54
CTX0691,ACC032,2022-05-02,Interest,13599.34
CTX0692,ACC010,2023-03-16,Interest,6014.08
CTX0693,ACC007,2021-01-02,Withdrawal,40226.68
CTX0694,ACC006,2022-04-01,Deposit,43855.71
CTX0695,ACC037,2024-05-03,Interest,16398.68
CTX0696,ACC071,2022-07-24,Deposit,18477.52
CTX0697,ACC038,2023-02-28,Interest,36991.82
CTX0698,ACC032,2022-08-08,Interest,29604.96
CTX0699,ACC064,2024-05-01,Withdrawal,36636.54
CTX0700,ACC070,2024-04-06,Withdrawal,7570.79
CTX0701,ACC053,2020-02-18,Withdrawal,27100.18
CTX0702,ACC002,2021-11-17,Deposit,37958.51
CTX0703,ACC049,2024-10-04,Interest,5242.25
CTX0704,ACC068,2021-05-02,Fee,24626.84
CTX0705,ACC008,2020-10-18,Interest,4696.68
CTX0706,ACC030,2024-09-27,Dividend Credit,20682.19
CTX0707,ACC048,2022-07-27,Deposit,29059.49
CTX0708,ACC065,2020-09-30,Fee,3787.78
CTX0709,ACC073,2020-05-07,Fee,33139.07
CTX0710,ACC017,2021-04-29,Interest,13086.5
CTX0711,ACC041,2024-06-28,Fee,35051.24
CTX0712,ACC042,2021-10-13,Fee,13634.2
CTX0713,ACC010,2021-02-19,Withdrawal,39007.85
CTX0714,ACC075,2020-08-11,Withdrawal,5327.6
CTX0715,ACC058,2022-08-12,Interest,20355.3
CTX0716,ACC069,2022-01-03,Withdrawal,22623.26
CTX0717,ACC060,2021-06-26,Deposit,4566.52
CTX0718,ACC039,2024-08-19,Dividend Credit,2064.47
CTX0719,ACC042,2020-10-30,Deposit,35572.31
CTX0720,ACC046,2022-03-22,Dividend Credit,2495.08
CTX0721,ACC039,2021-06-16,Withdrawal,1602.55
CTX0722,ACC052,2024-10-16,Fee,27819.89
CTX0723,ACC071,2021-05-26,Deposit,23129.06
CTX0724,ACC018,2020-09-05,Deposit,3130.38
CTX0725,ACC029,2020-09-24,Withdrawal,41192.49
CTX0726,ACC048,2023-11-06,Deposit,29137.07
CTX0727,ACC034,2024-07-22,Deposit,1138.92
CTX0728,ACC009,2021-02-08,Fee,40474.47
CTX0729,ACC012,2024-10-01,Interest,6170.26
CTX0730,ACC060,2020-04-13,Withdrawal,46210.38
CTX0731,ACC056,2024-08-09,Fee,24831.51
CTX0732,ACC049,2023-10-31,Fee,8681.72
CTX0733,ACC028,2021-01-18,Interest,14028.73
CTX0734,ACC020,2020-03-11,Dividend Credit,30977.87
CTX0735,ACC032,2023-08-18,Interest,24969.64
CTX0736,ACC071,2022-09-08,Deposit,4431.69
CTX0737,ACC050,2020-10-08,Fee,10012.92
CTX0738,ACC068,2021-05-25,Dividend Credit,39752.57
CTX0739,ACC049,2024-05-20,Interest,24010.24
CTX0740,ACC063,2021-12-05,Dividend Credit,25144.54
CTX0741,ACC050,2021-07-07,Withdrawal,1351.85
CTX0742,ACC029,2020-03-01,Interest,2976.63
CTX0743,ACC061,2022-12-20,Interest,38353.77
CTX0744,ACC030,2020-11-22,Deposit,12430.46
CTX0745,ACC031,2021-06-29,Dividend Credit,40823.44
CTX0746,ACC008,2024-04-13,Withdrawal,28805.82
CTX0747,ACC050,2021-12-27,Withdrawal,8846.21
CTX0748,ACC041,2024-07-09,Interest,45703.3
CTX0749,ACC004,2023-12-11,Interest,47380.56
CTX0750,ACC073,2020-10-18,Dividend Credit,47421.01
CTX0751,ACC064,2023-01-15,Interest,8819.06
CTX0752,ACC005,2020-07-03,Deposit,11669.54
CTX0753,ACC029,2020-02-10,Dividend Credit,23925.55
CTX0754,ACC043,2023-06-11,Withdrawal,40331.95
CTX0755,ACC044,2024-01-08,Withdrawal,45943.1
CTX0756,ACC042,2020-05-01,Deposit,7428.22
CTX0757,ACC019,2024-05-04,Deposit,42331.72
CTX0758,ACC047,2020-05-28,Interest,35241.67
CTX0759,ACC051,2023-04-15,Deposit,16861.23
CTX0760,ACC042,2020-10-06,Withdrawal,36630.98
CTX0761,ACC056,2024-06-09,Fee,32476.55
CTX0762,ACC023,2023-12-19,Dividend Credit,34693.34
CTX0763,ACC046,2021-04-02,Dividend Credit,40731.99
CTX0764,ACC049,2021-09-20,Interest,6411.05
CTX0765,ACC001,2023-12-08,Dividend Credit,19610.49
CTX0766,ACC073,2020-03-07,Withdrawal,30139.31
CTX0767,ACC029,2023-08-02,Dividend Credit,5250.31
CTX0768,ACC064,2020-10-15,Interest,37279.9
CTX0769,ACC031,2021-12-11,Interest,8435.98
CTX0770,ACC012,2024-08-09,Interest,22359.17
CTX0771,ACC034,2021-03-05,Withdrawal,34674.15
CTX0772,ACC045,2021-06-09,Deposit,36034.66
CTX0773,ACC007,2022-03-01,Fee,36642.6
CTX0774,ACC022,2024-12-16,Fee,24679.45
CTX0775,ACC049,2021-12-20,Dividend Credit,18798.61
CTX0776,ACC062,2024-06-03,Dividend Credit,32565.93
CTX0777,ACC029,2020-11-29,Fee,3731.78
CTX0778,ACC005,2021-08-26,Deposit,15969.91
CTX0779,ACC014,2020-05-31,Interest,8546.75
CTX0780,ACC049,2020-11-25,Deposit,27374.96
CTX0781,ACC012,2021-11-23,Dividend Credit,49264.54
CTX0782,ACC062,2023-12-13,Deposit,21594.6
CTX0783,ACC022,2023-05-28,Fee,7897.33
CTX0784,ACC013,2021-11-09,Withdrawal,48721.2
CTX0785,ACC053,2023-11-28,Dividend Credit,36115.8
CTX0786,ACC070,2021-06-27,Interest,14905.16
CTX0787,ACC013,2020-04-11,Fee,28609.9
CTX0788,ACC063,2020-11-10,Deposit,18073.4
CTX0789,ACC055,2020-06-28,Interest,41203.67
CTX0790,ACC062,2021-02-12,Deposit,1335.5
CTX0791,ACC022,2023-07-31,Interest,48854.03
CTX0792,ACC061,2024-09-24,Deposit,15452.25
CTX0793,ACC051,2022-08-22,Fee,44749.13
CTX0794,ACC034,2020-07-05,Dividend Credit,19406.98
CTX0795,ACC048,2024-12-18,Fee,18501.61
CTX0796,ACC058,2020-04-01,Interest,22015.03
CTX0797,ACC034,2021-04-08,Interest,28234.12
CTX0798,ACC020,2024-03-20,Deposit,4331.08
CTX0799,ACC045,2024-07-13,Dividend Credit,20728.63
CTX0800,ACC030,2023-02-07,Deposit,42047.82
CTX0801,ACC067,2022-05-07,Dividend Credit,34369.04
CTX0802,ACC061,2023-03-18,Withdrawal,23839.3
CTX0803,ACC011,2022-03-19,Deposit,25129.97
CTX0804,ACC067,2024-06-27,Dividend Credit,33892.87
CTX0805,ACC019,2020-09-03,Fee,8685.3
CTX0806,ACC022,2021-03-09,Withdrawal,6352.99
CTX0807,ACC055,2020-06-09,Fee,10135.87
CTX0808,ACC019,2024-09-04,Dividend Credit,12931.42
CTX0809,ACC009,2020-06-27,Fee,27840.39
CTX0810,ACC071,2021-10-29,Interest,26008.42
CTX0811,ACC002,2024-05-29,Dividend Credit,29399.43
CTX0812,ACC054,2020-08-18,Fee,7524.63
CTX0813,ACC073,2023-04-19,Dividend Credit,37930.95
CTX0814,ACC013,2020-08-04,Dividend Credit,38988.26
CTX0815,ACC037,2024-11-11,Dividend Credit,44012.78
CTX0816,ACC053,2021-06-24,Fee,32756.64
CTX0817,ACC074,2023-06-01,Fee,1921.41
CTX0818,ACC036,2022-04-05,Withdrawal,30931.31
CTX0819,ACC052,2020-03-20,Fee,44484.23
CTX0820,ACC043,2023-11-15,Withdrawal,2512.08
CTX0821,ACC061,2021-07-04,Interest,1060.63
CTX0822,ACC039,2021-09-28,Interest,42150.19
CTX0823,ACC013,2024-11-14,Withdrawal,6762.56
CTX0824,ACC057,2024-05-04,Interest,13507.53
CTX0825,ACC054,2023-05-23,Deposit,9437.39
CTX0826,ACC028,2024-08-14,Fee,37060.19
CTX0827,ACC067,2024-11-11,Interest,41059.82
CTX0828,ACC066,2024-06-08,Withdrawal,3327.57
CTX0829,ACC065,2022-04-06,Withdrawal,39036.8
CTX0830,ACC068,2024-12-05,Dividend Credit,1495.96
CTX0831,ACC025,2024-11-27,Withdrawal,41856.99
CTX0832,ACC032,2020-03-08,Fee,2575.44
CTX0833,ACC047,2023-12-14,Withdrawal,13735.18
CTX0834,ACC060,2022-10-31,Fee,31788.72
CTX0835,ACC016,2023-10-27,Deposit,12134.81
CTX0836,ACC063,2023-05-01,Fee,8920.31
CTX0837,ACC061,2023-04-16,Dividend Credit,17520.51
CTX0838,ACC021,2024-09-11,Interest,37460.61
CTX0839,ACC012,2021-08-06,Deposit,19358.96
CTX0840,ACC021,2024-10-14,Dividend Credit,39002.52
CTX0841,ACC028,2024-10-21,Withdrawal,32386.63
CTX0842,ACC027,2021-07-05,Fee,25688.4
CTX0843,ACC002,2022-08-28,Withdrawal,32386.21
CTX0844,ACC002,2021-04-03,Interest,30436.78
CTX0845,ACC040,2023-12-30,Interest,21219.15
CTX0846,ACC049,2024-10-10,Interest,22976.95
CTX0847,ACC028,2022-08-13,Interest,33875.95
CTX0848,ACC051,2023-04-12,Deposit,417.01
CTX0849,ACC048,2023-02-23,Dividend Credit,30472.05
CTX0850,ACC039,2023-11-02,Deposit,24112.83
CTX0851,ACC044,2021-07-20,Interest,43081.51
CTX0852,ACC034,2023-09-05,Interest,9458.59
CTX0853,ACC067,2024-04-16,Withdrawal,44989.37
CTX0854,ACC052,2023-09-14,Interest,34053.75
CTX0855,ACC004,2023-09-04,Fee,49873.58
CTX0856,ACC034,2022-05-07,Fee,19444.33
CTX0857,ACC005,2023-04-09,Dividend Credit,40809.93
CTX0858,ACC044,2024-01-27,Withdrawal,34331.59
CTX0859,ACC061,2023-10-07,Interest,25390.38
CTX0860,ACC022,2024-09-17,Dividend Credit,9097.74
CTX0861,ACC013,2022-08-22,Withdrawal,37058.9
CTX0862,ACC072,2024-04-11,Withdrawal,47348.82
CTX0863,ACC043,2023-09-02,Deposit,11151.56
CTX0864,ACC029,2024-03-04,Interest,21052.6
CTX0865,ACC043,2022-01-31,Interest,29299.26
CTX0866,ACC060,2024-10-09,Deposit,23553.3
CTX0867,ACC075,2023-04-03,Dividend Credit,3607.23
CTX0868,ACC025,2022-10-21,Deposit,43381.51
CTX0869,ACC049,2022-12-21,Interest,20684.71
CTX0870,ACC020,2020-10-08,Withdrawal,17166.36
CTX0871,ACC073,2022-07-26,Withdrawal,15853.35
CTX0872,ACC024,2024-05-14,Deposit,24404.66
CTX0873,ACC023,2021-10-03,Deposit,285.44
CTX0874,ACC036,2021-03-04,Withdrawal,28835.13
CTX0875,ACC021,2022-09-29,Deposit,6513.83
CTX0876,ACC056,2023-07-21,Fee,20199.5
CTX0877,ACC062,2022-02-24,Deposit,1934.38
CTX0878,ACC026,2024-02-05,Interest,47505.93
CTX0879,ACC042,2024-03-30,Dividend Credit,9569.31
CTX0880,ACC001,2023-07-07,Withdrawal,11351.97
CTX0881,ACC045,2021-10-01,Withdrawal,5180.28
CTX0882,ACC065,2023-04-20,Interest,8392.66
CTX0883,ACC006,2021-09-02,Interest,22823.52
CTX0884,ACC067,2023-05-06,Dividend Credit,16924.87
CTX0885,ACC018,2021-12-02,Fee,17994.58
CTX0886,ACC025,2020-12-03,Fee,1005.28
CTX0887,ACC029,2024-01-29,Withdrawal,10598.95
CTX0888,ACC003,2023-04-22,Dividend Credit,8490.79
CTX0889,ACC047,2023-12-27,Deposit,18790.86
CTX0890,ACC033,2024-04-28,Dividend Credit,31175.58
CTX0891,ACC007,2023-09-17,Deposit,32695.7
CTX0892,ACC003,2020-04-08,Deposit,20867.94
CTX0893,ACC049,2020-09-10,Dividend Credit,12674.28
CTX0894,ACC020,2021-02-24,Deposit,15090.77
CTX0895,ACC013,2023-09-18,Dividend Credit,13535.36
CTX0896,ACC018,2022-05-07,Deposit,25603.66
CTX0897,ACC016,2021-08-01,Deposit,39248.77
CTX0898,ACC064,2021-02-10,Dividend Credit,10027.48
CTX0899,ACC034,2024-08-29,Dividend Credit,48657.33
CTX0900,ACC046,2023-12-11,Fee,14802.79
CTX0901,ACC006,2023-01-27,Fee,45522.31
CTX0902,ACC062,2021-11-08,Withdrawal,186.76
CTX0903,ACC012,2020-08-14,Dividend Credit,33467.65
CTX0904,ACC020,2020-07-03,Dividend Credit,3798.66
CTX0905,ACC013,2021-06-08,Withdrawal,22864.72
CTX0906,ACC038,2021-06-24,Fee,2551.51
CTX0907,ACC023,2024-11-25,Deposit,42619.82
CTX0908,ACC047,2024-06-29,Interest,21328.46
CTX0909,ACC015,2020-07-13,Deposit,533.13
CTX0910,ACC018,2023-09-20,Withdrawal,16466.61
CTX0911,ACC057,2023-06-27,Interest,43929.85
CTX0912,ACC012,2022-02-02,Interest,9184.33
CTX0913,ACC052,2022-03-30,Fee,13628.06
CTX0914,ACC050,2023-11-13,Fee,40004.96
CTX0915,ACC022,2020-08-19,Withdrawal,34823.69
CTX0916,ACC008,2024-09-25,Withdrawal,5230.47
CTX0917,ACC062,2024-07-01,Dividend Credit,33935.74
CTX0918,ACC024,2023-06-05,Fee,38969.26
CTX0919,ACC004,2024-11-01,Withdrawal,24179.83
CTX0920,ACC063,2020-08-19,Fee,22062.36
CTX0921,ACC009,2021-06-19,Interest,667.39
CTX0922,ACC068,2024-04-20,Dividend Credit,36202.49
CTX0923,ACC029,2023-10-03,Interest,25979.03
CTX0924,ACC013,2022-06-05,Withdrawal,24122.39
CTX0925,ACC050,2020-10-31,Dividend Credit,44608.49
CTX0926,ACC007,2020-01-24,Withdrawal,25303.1
CTX0927,ACC061,2024-10-10,Fee,43477.31
CTX0928,ACC010,2024-03-18,Fee,16065.66
CTX0929,ACC043,2021-07-23,Deposit,25371.12
CTX0930,ACC071,2023-08-10,Fee,20193.69
CTX0931,ACC031,2020-06-10,Fee,22237.23
CTX0932,ACC074,2022-07-06,Deposit,42836.63
CTX0933,ACC058,2021-10-09,Deposit,49034.5
CTX0934,ACC003,2020-07-29,Fee,20646.31
CTX0935,ACC072,2023-01-29,Deposit,41304.14
CTX0936,ACC039,2024-12-27,Dividend Credit,28138.51
CTX0937,ACC059,2021-11-29,Interest,41274.28
CTX0938,ACC029,2024-09-25,Fee,16632.03
CTX0939,ACC061,2024-01-07,Interest,35809.88
CTX0940,ACC015,2020-07-18,Withdrawal,159.74
CTX0941,ACC046,2024-08-26,Interest,27407.14
CTX0942,ACC048,2023-12-08,Deposit,2336.62
CTX0943,ACC022,2022-10-05,Withdrawal,41100.84
CTX0944,ACC053,2020-08-07,Interest,30562.05
CTX0945,ACC025,2020-09-04,Fee,10818.7
CTX0946,ACC025,2024-01-07,Interest,5432.9
CTX0947,ACC054,2020-04-05,Dividend Credit,6204.8
CTX0948,ACC058,2022-07-25,Dividend Credit,47811.71
CTX0949,ACC018,2022-10-18,Deposit,26541.7
CTX0950,ACC007,2023-02-07,Fee,41948.86
CTX0951,ACC062,2022-11-07,Withdrawal,34606.29
CTX0952,ACC023,2024-02-05,Withdrawal,5222.52
CTX0953,ACC042,2022-10-29,Fee,20962.3
CTX0954,ACC032,2021-07-14,Fee,48181.5
CTX0955,ACC038,2022-07-16,Withdrawal,6952.09
CTX0956,ACC066,2021-09-04,Dividend Credit,43042.34
CTX0957,ACC071,2023-07-19,Withdrawal,10084.41
CTX0958,ACC038,2023-11-07,Interest,46063.53
CTX0959,ACC017,2023-12-25,Withdrawal,25219.48
CTX0960,ACC042,2023-12-25,Deposit,38050.71
CTX0961,ACC072,2022-09-10,Dividend Credit,28553.38
CTX0962,ACC054,2023-10-12,Dividend Credit,14332.1
CTX0963,ACC055,2024-07-13,Deposit,26160.36
CTX0964,ACC004,2022-02-19,Withdrawal,2700.6
CTX0965,ACC008,2021-02-13,Interest,37521.74
CTX0966,ACC021,2021-08-09,Interest,7364.1
CTX0967,ACC008,2023-11-15,Interest,10239.85
CTX0968,ACC070,2020-03-07,Interest,40710.61
CTX0969,ACC014,2023-06-15,Dividend Credit,43248.83
CTX0970,ACC072,2022-03-07,Withdrawal,25570.57
CTX0971,ACC037,2023-11-20,Deposit,46327.92
CTX0972,ACC050,2022-05-03,Interest,48293.37
CTX0973,ACC007,2020-01-27,Interest,10194.21
CTX0974,ACC057,2024-08-26,Withdrawal,45578.74
CTX0975,ACC048,2024-03-26,Dividend Credit,27353.43
CTX0976,ACC026,2024-05-08,Withdrawal,14744.18
CTX0977,ACC023,2023-10-30,Deposit,9389.48
CTX0978,ACC023,2024-02-14,Dividend Credit,6011.72
CTX0979,ACC006,2022-05-27,Interest,27852.1
CTX0980,ACC017,2020-11-25,Dividend Credit,42308.41
CTX0981,ACC001,2021-11-07,Fee,35498.98
CTX0982,ACC020,2020-03-22,Withdrawal,46434.98
CTX0983,ACC007,2024-05-03,Dividend Credit,42164.84
CTX0984,ACC039,2022-10-01,Dividend Credit,27530.5
CTX0985,ACC010,2024-05-24,Interest,26293.48
CTX0986,ACC024,2022-12-02,Deposit,39323.6
CTX0987,ACC021,2022-05-01,Dividend Credit,26874.95
CTX0988,ACC012,2021-12-16,Withdrawal,44175.67
CTX0989,ACC043,2021-11-09,Interest,14714.04
CTX0990,ACC068,2022-08-30,Dividend Credit,41193.24
CTX0991,ACC002,2020-08-22,Interest,22311.08
CTX0992,ACC032,2020-03-22,Interest,19099.56
CTX0993,ACC015,2022-03-01,Interest,27034.85
CTX0994,ACC037,2020-02-20,Dividend Credit,41114.35
CTX0995,ACC048,2022-11-19,Dividend Credit,22305.57
CTX0996,ACC006,2021-08-30,Withdrawal,16049.62
CTX0997,ACC011,2020-07-15,Withdrawal,48582.86
CTX0998,ACC069,2022-12-28,Deposit,31365.31
CTX0999,ACC027,2023-10-04,Withdrawal,43254.3
CTX1000,ACC055,2024-09-07,Deposit,10318.7
